id, name, url
gmuadams, Adams, http://quantum-cloud-2.alscloud.net/washalertweb/washalertweb.aspx?location=993f96be-413b-4fee-9d3f-19ced77d6cea
gmuamherst1, Amherst 1, http://quantum-cloud-2.alscloud.net/washalertweb/washalertweb.aspx?location=2dba0f82-6ba1-40bb-a418-6afffbcf6d52
gmuamherst2, Amherst 2, http://quantum-cloud-2.alscloud.net/washalertweb/washalertweb.aspx?location=e5c70f93-bffd-466b-8eb7-ba26f90689c7
gmuamherst3, Amherst 3, http://quantum-cloud-2.alscloud.net/washalertweb/washalertweb.aspx?location=e69cc4b5-7265-419b-ae6c-3fef05c45d1d
gmublueridge, Blue Ridge, http://quantum-cloud-2.alscloud.net/washalertweb/washalertweb.aspx?location=e7f23880-cfa9-4361-93fb-10917d666b1f
gmubrunswick1, Brunswick 1, http://quantum-cloud-2.alscloud.net/washalertweb/washalertweb.aspx?location=d60b6750-c557-409f-822e-5f593dbca522
gmubrunswick2, Brunswick 2, http://quantum-cloud-2.alscloud.net/washalertweb/washalertweb.aspx?location=0580400c-9571-4c5e-8a2b-ee47799d97dc
gmubrunswick3, Brunswick 3, http://quantum-cloud-2.alscloud.net/washalertweb/washalertweb.aspx?location=615c6b62-2772-4268-9ca3-18bccbf3585f
gmucarroll1, Carroll 1, http://quantum-cloud-2.alscloud.net/washalertweb/washalertweb.aspx?location=55c3b914-7843-4a81-930d-ad3ff182cff0
gmucarroll2, Carroll 2, http://quantum-cloud-2.alscloud.net/washalertweb/washalertweb.aspx?location=b8be6fc2-930a-4541-b398-fbe2f83b5a98
gmucarroll3, Carroll 3, http://quantum-cloud-2.alscloud.net/washalertweb/washalertweb.aspx?location=6aa277c0-4fde-47ee-94a7-59f26124af37
gmucommonwealth, Commonwealth, http://quantum-cloud-2.alscloud.net/washalertweb/washalertweb.aspx?location=c9910c60-b4d6-4455-9f48-78bb3ec0cd45
gmudickenson1, Dickenson 1, http://quantum-cloud-2.alscloud.net/washalertweb/washalertweb.aspx?location=5290ae15-2d00-4852-8536-4f9c366b0154
gmudickenson2, Dickenson 2, http://quantum-cloud-2.alscloud.net/washalertweb/washalertweb.aspx?location=1cfae172-eb35-45e4-b6dd-acbe4bd19081
gmudickenson3, Dickenson 3, http://quantum-cloud-2.alscloud.net/washalertweb/washalertweb.aspx?location=d4c8b508-26dc-49ce-b77b-bc896d941438
gmudominion, Dominion, http://quantum-cloud-2.alscloud.net/washalertweb/washalertweb.aspx?location=5ffa97f3-7774-46b9-92b0-0bfe61e8f14c
gmueasternshore, Eastern Shore, http://quantum-cloud-2.alscloud.net/washalertweb/washalertweb.aspx?location=4d5ce3e3-7ab0-4ce0-bd07-670494268503
gmuessex1, Essex 1, http://quantum-cloud-2.alscloud.net/washalertweb/washalertweb.aspx?location=644b8784-f277-4ca2-9186-b2c30abf1022
gmuessex2, Essex 2, http://quantum-cloud-2.alscloud.net/washalertweb/washalertweb.aspx?location=05131b0f-8679-43d6-901a-24105f491ea0
gmufranklin1, Franklin 1, http://quantum-cloud-2.alscloud.net/washalertweb/washalertweb.aspx?location=05da2bea-d321-470f-8297-664d7caea7a0
gmufranklin2, Franklin 2, http://quantum-cloud-2.alscloud.net/washalertweb/washalertweb.aspx?location=9d4990c7-4a3b-4083-b46d-168748978204
gmugrayson1, Grayson 1, http://quantum-cloud-2.alscloud.net/washalertweb/washalertweb.aspx?location=039ab841-5cf5-4711-b9ff-a7ea9c58d13f
gmugrayson2, Grayson 2, http://quantum-cloud-2.alscloud.net/washalertweb/washalertweb.aspx?location=13754c08-b53d-4bf1-a8de-33e42dd34853
gmuhamptonroads, Hampton Roads, http://quantum-cloud-2.alscloud.net/washalertweb/washalertweb.aspx?location=f50d6354-c905-468a-a287-dbc2b2a49e65
gmuharrison, Harrison, http://quantum-cloud-2.alscloud.net/washalertweb/washalertweb.aspx?location=b9d86ae8-cf2e-47fc-b8dc-b671b4498679
gmulibertysquarea, Liberty Square A, http://quantum-cloud-2.alscloud.net/washalertweb/washalertweb.aspx?location=b11f72fa-f589-4136-98e6-312a87182f90
gmulibertysquarebc1, Liberty Square B/C-1, http://quantum-cloud-2.alscloud.net/washalertweb/washalertweb.aspx?location=55ae713f-03a9-4afd-8651-34c4bf1650b4
gmulibertysquarebc2, Liberty Square B/C-2, http://quantum-cloud-2.alscloud.net/washalertweb/washalertweb.aspx?location=b64d389e-a694-4325-9dc3-55cef6917b4f
gmulibertysquarebc3, Liberty Square B/C-3, http://quantum-cloud-2.alscloud.net/washalertweb/washalertweb.aspx?location=666361fe-b8ad-43f7-acea-e38a91d8bac5
gmulibertysquarebc4, Liberty Square B/C-4, http://quantum-cloud-2.alscloud.net/washalertweb/washalertweb.aspx?location=ae594190-133e-4570-959e-549736ab1845
gmulibertysquarede1, Liberty Square D/E-1, http://quantum-cloud-2.alscloud.net/washalertweb/washalertweb.aspx?location=909ef87c-06c7-4fa0-8e2e-6e06002285f1
gmulibertysquarede2, Liberty Square D/E-2, http://quantum-cloud-2.alscloud.net/washalertweb/washalertweb.aspx?location=ba5db854-2a05-45d5-b121-5d9cd62275ac
gmulibertysquarede3, Liberty Square D/E-3, http://quantum-cloud-2.alscloud.net/washalertweb/washalertweb.aspx?location=64454e49-0702-45fc-9601-8decd9662ed8
gmulibertysquaredelower, Liberty Square D/E-Lower, http://quantum-cloud-2.alscloud.net/washalertweb/washalertweb.aspx?location=f3071ede-6a29-4389-9de5-aeeb6b2e9605
gmulincoln, Lincoln, http://quantum-cloud-2.alscloud.net/washalertweb/washalertweb.aspx?location=7090068a-d5e9-4eaa-8a74-7703250be3e9
gmumasonglobalcenter4, Global Center 4, http://quantum-cloud-2.alscloud.net/washalertweb/washalertweb.aspx?location=e61f99e8-0ea2-4f61-93aa-62d30b17c843
gmumasonglobalcenter5, Global Center 5, http://quantum-cloud-2.alscloud.net/washalertweb/washalertweb.aspx?location=e317e6ae-bf17-4fc8-bc4d-7503731d8470
gmunorthernneck, Northern Neck, http://quantum-cloud-2.alscloud.net/washalertweb/washalertweb.aspx?location=5d1e9782-8242-4bba-b89c-ee597fb370a2
gmupiedmont, Piedmont, http://quantum-cloud-2.alscloud.net/washalertweb/washalertweb.aspx?location=46d95a5b-9936-46e1-9445-905d5e6d136b
gmupotomacheightsa107, Potomac Heights A-107, http://quantum-cloud-2.alscloud.net/washalertweb/washalertweb.aspx?location=601b7618-ed15-44a3-818d-42cd9f9bb22b
gmupotomacheightsc125, Potomac Heights C-125, http://quantum-cloud-2.alscloud.net/washalertweb/washalertweb.aspx?location=1d29f008-5b1b-4cfd-b177-dbd6cd68c610
gmupotomacheightsef150, Potomac Heights EF-150, http://quantum-cloud-2.alscloud.net/washalertweb/washalertweb.aspx?location=5ccd479d-ddca-48ff-8269-41bc1eda368a
gmupotomacheightscd232, Potomac Heights CD-232, http://quantum-cloud-2.alscloud.net/washalertweb/washalertweb.aspx?location=4a1e010f-65b8-49ea-b702-166cbe149923
gmupotomacheightscd332, Potomac Heights CD-332, http://quantum-cloud-2.alscloud.net/washalertweb/washalertweb.aspx?location=051c6e66-b69c-431d-a48d-9e9e73ee71ea
gmupotomacheightscd432, Potomac Heights CD-432, http://quantum-cloud-2.alscloud.net/washalertweb/washalertweb.aspx?location=4daab6db-b1b1-4696-958e-f023a3c2b5ca
gmupotomacheightscd530, Potomac Heights CD-530, http://quantum-cloud-2.alscloud.net/washalertweb/washalertweb.aspx?location=c6e819f3-ba6e-4307-8688-bf12347b0c83
gmurogers, Rogers, http://quantum-cloud-2.alscloud.net/washalertweb/washalertweb.aspx?location=0c4eea40-d7f7-4140-9cea-21b38a37c4b7
gmusandbridge, Sandbridge, http://quantum-cloud-2.alscloud.net/washalertweb/washalertweb.aspx?location=c60323c1-5e3d-4898-94c7-613c7c6ea221
gmutaylor, Taylor, http://quantum-cloud-2.alscloud.net/washalertweb/washalertweb.aspx?location=79eb3e88-4b3e-4d69-8d29-c2000587bf3e
gmutidewater, Tidewater, http://quantum-cloud-2.alscloud.net/washalertweb/washalertweb.aspx?location=d0db44f3-6288-45a5-8b0b-8c05828e31b5
gmuwhitetop, Whitetop, http://quantum-cloud-2.alscloud.net/washalertweb/washalertweb.aspx?location=78aed3c9-eece-440d-b88a-6f88540984f4